delta,frequency
0.000335178,0
0.001131899,5261000
0.00112862,10522000
0.00052534,15783000
0.001522061,21044000
0.000318782,26305000
0.001115502,31566000
0.000912223,36827000
0.000508944,42088000
0.001305665,47349000
0.000502385,52610000
0.001099106,57871000
0.000695827,63132000
0.000692548,68393000
0.000889268,73654000
0.000885989,78915000
0.00068271,84176000
0.00087943,89437000
0.000676151,94698000
0.000872872,99959000
0.000869593,105220000
0.000666313,110481000
0.000863034,115742000
0.000659755,121003000
0.000856476,126264000
0.001053196,131525000
0.000649917,136786000
0.000846638,142047000
0.000843358,147308000
0.000440079,152569000
0.0010368,157830000
0.000233521,163091000
0.001030241,168352000
0.000626962,173613000
0.000823683,178874000
0.000820404,184135000
0.000417124,189396000
0.001013845,194657000
0.000410566,199918000
0.000807286,205179000
0.000404007,210440000
0.000800728,215701000
0.000797449,220962000
0.000594169,226223000
0.00079089,231484000
0.000587611,236745000
0.000584331,242006000
0.000781052,247267000
0.000577773,252528000
0.000574494,257789000
0.000771214,263050000
0.000367935,268311000
0.000964656,273572000
0.000561377,278833000
0.000558097,284094000
0.000754818,289355000
0.000551539,294616000
0.000548259,299877000
0.00074498,305138000
0.000541701,310399000
0.000338422,315660000
0.000935142,320921000
0.000131863,326182000
0.000928584,331443000
0.000325305,336704000
0.000522025,341965000
0.000918746,347226000
0.000315467,352487000
0.000912187,357748000
0.000308908,363009000
0.000705629,368270000
0.00070235,373531000
0.00029907,378792000
0.000695791,384053000
0.000492512,389314000
0.000489233,394575000
0.000885953,399836000
8.2674E-05,405097000
0.000879395,410358000
0.000276115,415619000
0.000472836,420880000
0.000669557,426141000
0.000266278,431402000
0.000862998,436663000
0.000259719,441924000
0.00045644,447185000
0.000653161,452446000
4.98812E-05,457707000
0.000846602,462968000
0.000443323,468229000
0.000240043,473490000
0.001036764,478751000
0.000166515,484012000
0.001230206,489273000
0.000226926,494534000
0.000423647,499795000
0.001020368,505056000
0.000182912,510317000
0.001213809,515578000
0.00021053,520839000
0.000607251,526100000
0.000603971,531361000
0.000200692,536622000
0.000797413,541883000
5.86642E-06,547144000
0.000790854,552405000
0.000387575,557666000
0.000184296,562927000
0.000981016,568188000
0.000222263,573449000
0.000974458,578710000
2.88213E-05,583971000
0.000567899,589232000
0.00076462,594493000
0.000238659,599754000
0.001358062,605015000
0.000245218,610276000
0.000951503,615537000
0.000548224,620798000
5.50555E-05,626059000
0.001141665,631320000
0.000461614,636581000
0.001135107,641842000
0.000131827,647103000
0.000528548,652364000
0.000725269,657625000
0.00012199,662886000
0.00071871,668147000
0.000115431,673408000
0.000712152,678669000
0.000108872,683930000
0.000705593,689191000
0.000102314,694452000
0.000699035,699713000
0.000295755,704974000
0.000492476,710235000
0.000689197,715496000
8.59175E-05,720757000
0.000882638,726018000
0.000279359,731279000
0.00067608,736540000
0.0002728,741801000
0.000669521,747062000
0.000266242,752323000
0.000662963,757584000
0.000459683,762845000
0.000456404,768106000
0.000253125,773367000
0.000449846,778628000
0.000446566,783889000
0.000443287,789150000
0.000640008,794411000
0.000236728,799672000
0.000833449,804933000
3.01699E-05,810194000
0.000626891,815455000
0.000423611,820716000
0.000220332,825977000
0.000817053,831238000
0.000213773,836499000
0.000410494,841760000
0.000607215,847021000
0.000203936,852282000
0.000800656,857543000
0.000197377,862804000
0.000394098,868065000
0.000590819,873326000
1.24607E-05,878587000
0.00098426,883848000
1.90193E-05,889109000
0.000777701,894370000
0.000374422,899631000
0.000371143,904892000
0.000767864,910153000
3.54156E-05,915414000
0.000761305,920675000
0.000358026,925936000
0.000554747,931197000
0.000551467,936458000
0.000348188,941719000
0.000544909,946980000
0.000541629,952241000
6.16498E-05,957502000
0.000935071,962763000
0.000131792,968024000
0.000528512,973285000
0.000925233,978546000
7.80462E-05,983807000
0.000918675,989068000
8.46047E-05,994329000
0.000712116,999590000
0.000508837,1004851000
0.000305557,1010112000
0.000702278,1015373000
9.89989E-05,1020634000
0.00069572,1025895000
0.00029244,1031156000
0.000489161,1036417000
0.000485882,1041678000
0.000282603,1046939000
0.000879323,1052200000
0.000276044,1057461000
0.000272765,1062722000
0.000869485,1067983000
0.000133794,1073244000
0.000862927,1078505000
0.000259648,1083766000
5.63683E-05,1089027000
0.001053089,1094288000
0.00015019,1099549000
0.00104653,1104810000
0.000243251,1110071000
0.000239972,1115332000
0.000836693,1120593000
3.34134E-05,1125854000
0.000830134,1131115000
0.000226855,1136376000
0.000623576,1141637000
0.000220296,1146898000
0.000417017,1152159000
0.000613738,1157420000
1.04585E-05,1162681000
0.000807179,1167942000
3.89992E-06,1173203000
0.000400621,1178464000
0.000597341,1183725000
5.9379E-06,1188986000
0.000990783,1194247000
1.24964E-05,1199508000
0.000584224,1204769000
0.000580945,1210030000
2.23343E-05,1215291000
0.000974386,1220552000
2.88928E-05,1225813000
0.000567828,1231074000
0.000364549,1236335000
0.000161269,1241596000
0.00075799,1246857000
0.000154711,1252118000
0.000351432,1257379000
0.000548152,1262640000
0.000144873,1267901000
0.000741594,1273162000
0.000138314,1278423000
0.000335035,1283684000
0.000531756,1288945000
0.000128477,1294206000
0.000725197,1299467000
7.80819E-05,1304728000
0.000918639,1309989000
0.00011536,1315250000
0.00051208,1320511000
0.000508801,1325772000
0.000105522,1331033000
0.000902242,1336294000
0.000101037,1341555000
0.000695684,1346816000
0.000292405,1352077000
0.000289125,1357338000
0.000485846,1362599000
0.000282567,1367860000
0.000479287,1373121000
0.000276008,1378382000
0.000472729,1383643000
6.94497E-05,1388904000
0.00066617,1394165000
6.28911E-05,1399426000
0.000659612,1404687000
0.000456333,1409948000
5.30533E-05,1415209000
0.000849774,1420470000
0.000153505,1425731000
0.000643215,1430992000
0.000439936,1436253000
0.000236657,1441514000
0.000633378,1446775000
3.00984E-05,1452036000
0.000426819,1457297000
0.00022354,1462558000
0.000420261,1467819000
0.000416981,1473080000
0.000213702,1478341000
0.000410423,1483602000
0.000207143,1488863000
0.000603864,1494124000
0.000200585,1499385000
0.000397306,1504646000
0.000394026,1509907000
0.000390747,1515168000
0.000387468,1520429000
0.000584189,1525690000
0.000180909,1530951000
0.00037763,1536212000
0.000374351,1541473000
0.000171071,1546734000
0.000367792,1551995000
0.000364513,1557256000
0.000361234,1562517000
0.000357954,1567778000
0.000554675,1573039000
4.86042E-05,1578300000
0.000548117,1583561000
0.000144837,1588822000
0.000341558,1594083000
0.000538279,1599344000
6.50006E-05,1604605000
0.00073172,1609866000
0.000128441,1615127000
0.000325162,1620388000
0.000521882,1625649000
0.000118603,1630910000
0.000515324,1636171000
0.000112045,1641432000
0.000508765,1646693000
0.000305486,1651954000
0.000302207,1657215000
0.000498927,1662476000
9.56481E-05,1667737000
0.000492369,1672998000
0.00011091,1678259000
0.00048581,1683520000
0.000282531,1688781000
0.000279252,1694042000
0.000475972,1699303000
7.26932E-05,1704564000
0.000669414,1709825000
6.61347E-05,1715086000
0.000462855,1720347000
0.000459576,1725608000
0.000143703,1730869000
0.000653018,1736130000
0.000150262,1741391000
0.000446459,1746652000
0.00064318,1751913000
0.0001601,1757174000
0.000836621,1762435000
0.000166658,1767696000
0.000430063,1772957000
0.000426783,1778218000
0.000176496,1783479000
0.000820225,1788740000
0.000383054,1794001000
0.000613666,1799262000
0.000410387,1804523000
0.000392892,1809784000
0.001203828,1815045000
0.000599451,1820306000
0.00079727,1825567000
0.000193991,1830828000
0.000209289,1836089000
0.001187432,1841350000
0.000815847,1846611000
0.001180874,1851872000
2.24057E-05,1857133000
0.000174315,1862394000
0.000771036,1867655000
0.000232244,1872916000
0.000764477,1878177000
3.88021E-05,1883438000
0.000157919,1888699000
0.000554639,1893960000
0.00044864,1899221000
0.000748081,1904482000
5.51985E-05,1909743000
0.000141522,1915004000
0.000538243,1920265000
0.000265036,1925526000
0.000731684,1930787000
7.15949E-05,1936048000
0.000525126,1941309000
0.000121847,1946570000
0.000318567,1951831000
0.000115288,1957092000
0.000312009,1962353000
0.000108729,1967614000
0.00010545,1972875000
0.000302171,1978136000
0.000101108,1983397000
0.000495612,1988658000
9.23331E-05,1993919000
0.000289054,1999180000
0.000285775,2004441000
8.24953E-05,2009702000
0.000279216,2014963000
7.59367E-05,2020224000
0.000272657,2025485000
6.93782E-05,2030746000
0.000266099,2036007000
6.28197E-05,2041268000
0.00025954,2046529000
0.000256261,2051790000
5.29818E-05,2057051000
0.000449703,2062312000
0.000353577,2067573000
0.000643144,2072834000
0.000160135,2078095000
0.000236585,2083356000
0.000433306,2088617000
0.000369973,2093878000
0.000826748,2099139000
0.000376532,2104400000
0.000420189,2109661000
0.00021691,2114922000
1.36305E-05,2120183000
0.000210351,2125444000
7.07199E-06,2130705000
0.000203793,2135966000
0.000200513,2141227000
2.76584E-06,2146488000
0.000193955,2151749000
0.000190676,2157010000
1.26037E-05,2162271000
0.000184117,2167532000
1.91622E-05,2172793000
0.000177559,2178054000
2.57208E-05,2183315000
0.000171,2188576000
3.22793E-05,2193837000
3.55586E-05,2199098000
0.000161162,2204359000
0.000242117,2209620000
0.000354604,2214881000
4.86757E-05,2220142000
5.1955E-05,2225403000
0.000344766,2230664000
0.000258514,2235925000
0.000338207,2241186000
0.000265072,2246447000
0.000131649,2251708000
0.000128369,2256969000
7.49099E-05,2262230000
0.000321811,2267491000
0.000481468,2272752000
0.000715252,2278013000
0.000488027,2283274000
0.000308694,2288535000
0.000105414,2293796000
0.000497865,2299057000
0.000698856,2304318000
0.001104423,2309579000
0.000892297,2314840000
0.000510982,2320101000
0.000114261,2325362000
0.00068246,2330623000
0.00092082,2335884000
0.000875901,2341145000
0.000527378,2346406000
6.93425E-05,2351667000
0.000266063,2356928000
0.000537216,2362189000
0.000459505,2367450000
0.000543775,2372711000
5.29461E-05,2377972000
0.000150333,2383233000
0.000353612,2388494000
4.31083E-05,2393755000
0.000360171,2399016000
3.65497E-05,2404277000
3.32704E-05,2409538000
0.000370009,2414799000
0.000226712,2420060000
0.000576567,2425321000
0.000220153,2430582000
0.000383126,2435843000
0.000186405,2441104000
0.000210316,2446365000
0.000592964,2451626000
0.000403757,2456887000
0.000399522,2462148000
2.80157E-06,2467409000
0.000193919,2472670000
0.00080936,2477931000
0.000387361,2483192000
0.000415919,2488453000
0.000419198,2493714000
0.000377523,2498975000
0.000825756,2504236000
0.000370964,2509497000
0.000232315,2514758000
0.000435594,2520019000
0.000561126,2525280000
0.000842153,2530541000
0.000354568,2535802000
0.000448711,2541063000
0.000451991,2546324000
0.00034473,2551585000
0.000858549,2556846000
0.000338171,2562107000
0.000665108,2567368000
6.83871E-05,2572629000
7.16663E-05,2577890000
0.000474946,2583151000
0.000321775,2588412000
0.000681504,2593673000
0.000115217,2598934000
0.000288063,2604195000
0.000491342,2609456000
0.000105379,2614717000
0.000497901,2619978000
0.00010118,2625239000
0.000304459,2630500000
0.000307738,2635761000
0.000111018,2641022000
0.000114297,2646283000
0.000117576,2651544000
0.000320855,2656805000
0.000124135,2662066000
0.000327414,2667327000
0.000130693,2672588000
0.000333973,2677849000
0.000537252,2683110000
5.94689E-05,2688371000
0.00074381,2693632000
5.29104E-05,2698893000
0.000550369,2704154000
0.000153648,2709415000
0.000156927,2714676000
0.000560207,2719937000
0.000236514,2725198000
0.000566765,2730459000
2.99554E-05,2735720000
0.000173324,2740981000
0.000576603,2746242000
2.01176E-05,2751503000
0.000383162,2756764000
0.000386441,2762025000
0.00021028,2767286000
0.000992999,2772547000
3.72124E-06,2777808000
0.000199558,2783069000
0.000802837,2788330000
0.000593883,2793591000
0.001209396,2798852000
0.000387325,2804113000
0.000615954,2809374000
0.000419234,2814635000
0.000177487,2819896000
0.001225792,2825157000
0.000570928,2830418000
0.001032351,2835679000
0.00016437,2840940000
0.000238909,2846201000
0.000842189,2851462000
0.000354532,2856723000
0.001048747,2861984000
5.20264E-05,2867245000
0.000455306,2872506000
0.000458585,2877767000
0.000261864,2883028000
0.000265144,2888289000
0.000668423,2893550000
7.17021E-05,2898811000
0.000674981,2904072000
0.000278261,2909333000
0.00028154,2914594000
0.000684819,2919855000
0.000111902,2925116000
0.000691378,2930377000
9.4657E-05,2935638000
0.000297936,2940899000
0.000701216,2946160000
9.55052E-05,2951421000
0.000507774,2956682000
0.000711053,2961943000
8.56674E-05,2967204000
0.001117612,2972465000
7.91088E-05,2977726000
0.00052417,2982987000
0.00052745,2988248000
6.9271E-05,2993509000
0.000934008,2998770000
6.27124E-05,3004031000
0.000740567,3009292000
0.000343846,3014553000
0.000147125,3019814000
0.000750405,3025075000
0.000153684,3030336000
0.000556963,3035597000
0.000360242,3040858000
0.000363522,3046119000
0.000366801,3051380000
0.00037008,3056641000
0.00037336,3061902000
0.000576639,3067163000
0.000179918,3072424000
0.000583197,3077685000
0.000386477,3082946000
0.000189756,3088207000
0.000793035,3093468000
3.6855E-06,3098729000
0.000399594,3103990000
0.000202873,3109251000
0.000406152,3114512000
0.000609432,3119773000
0.000212711,3125034000
0.00041599,3130295000
0.000419269,3135556000
0.000422549,3140817000
0.000225828,3146078000
0.000629107,3151339000
0.000232387,3156600000
0.000435666,3161861000
0.000438945,3167122000
4.22243E-05,3172383000
0.000645504,3177644000
4.87829E-05,3182905000
0.000652062,3188166000
0.000255341,3193427000
0.000258621,3198688000
0.0006619,3203949000
0.000134821,3209210000
0.000868459,3214471000
7.17378E-05,3219732000
0.000475017,3224993000
0.000478296,3230254000
0.000118424,3235515000
0.000884855,3240776000
8.81342E-05,3246037000
0.000491413,3251298000
0.000694693,3256559000
9.7972E-05,3261820000
0.000701251,3267081000
0.000304531,3272342000
0.00030781,3277603000
0.000511089,3282864000
0.000314368,3288125000
0.000317648,3293386000
0.000320927,3298647000
0.000324206,3303908000
0.000327485,3309169000
0.000530765,3314430000
0.000334044,3319691000
0.000337323,3324952000
0.000340603,3330213000
0.000543882,3335474000
0.000147161,3340735000
0.00075044,3345996000
4.62803E-05,3351257000
0.000356999,3356518000
0.000760278,3361779000
0.000236443,3367040000
0.000966837,3372301000
0.000229884,3377562000
0.000573395,3382823000
0.000376675,3388084000
2.00461E-05,3393345000
0.000583233,3398606000
0.000186512,3403867000
0.000189792,3409128000
0.000593071,3414389000
0.00019635,3419650000
0.00039963,3424911000
0.000602909,3430172000
6.18806E-06,3435433000
0.000609467,3440694000
0.000212747,3445955000
0.000416026,3451216000
0.000419305,3456477000
0.000222584,3461738000
0.000425864,3466999000
0.000229143,3472260000
0.000432422,3477521000
0.000235702,3482782000
0.000438981,3488043000
0.00024226,3493304000
0.000445539,3498565000
0.000248819,3503826000
5.20979E-05,3509087000
0.000655377,3514348000
0.000141344,3519609000
0.000661936,3524870000
6.5215E-05,3530131000
0.000268494,3535392000
0.000271774,3540653000
0.000275053,3545914000
0.000278332,3551175000
8.16114E-05,3556436000
0.000484891,3561697000
0.00011183,3566958000
0.000691449,3572219000
9.47285E-05,3577480000
0.000298008,3582741000
0.000701287,3588002000
0.000295434,3593263000
0.001107846,3598524000
0.000288875,3603785000
0.000514404,3609046000
0.000317683,3614307000
7.90373E-05,3619568000
0.000924242,3624829000
0.000472479,3630090000
0.0009308,3635351000
6.59202E-05,3640612000
0.000337359,3645873000
0.000740638,3651134000
5.60824E-05,3656395000
0.000747197,3661656000
4.95239E-05,3666917000
0.000153755,3672178000
0.000557035,3677439000
3.9686E-05,3682700000
0.000563593,3687961000
0.000166873,3693222000
2.98482E-05,3698483000
0.000573431,3703744000
2.32897E-05,3709005000
0.00057999,3714266000
0.000183269,3719527000
0.000186548,3724788000
0.000389827,3730049000
0.000193107,3735310000
0.000196386,3740571000
0.000199665,3745832000
0.000402945,3751093000
6.2238E-06,3756354000
0.000609503,3761615000
0.000187218,3766876000
0.000416062,3772137000
0.000419341,3777398000
0.00017738,3782659000
0.000625899,3787920000
2.91787E-05,3793181000
0.000232458,3798442000
0.000635737,3803703000
0.000360983,3808964000
0.000842296,3814225000
0.000154425,3819486000
0.000248854,3824747000
0.000652134,3830008000
0.000544587,3835269000
0.001058692,3840530000
0.000338029,3845791000
0.000465251,3851052000
0.00046853,3856313000
0.000328191,3861574000
0.000475089,3866835000
7.83678E-05,3872096000
8.16471E-05,3877357000
0.000284926,3882618000
0.000488206,3887879000
0.000108515,3893140000
0.000694764,3898401000
9.80435E-05,3903662000
0.000101323,3908923000
0.000704602,3914184000
0.000292119,3919445000
0.000711161,3924706000
0.00011444,3929967000
8.22809E-05,3935228000
0.000720998,3940489000
7.57223E-05,3945750000
0.000327557,3951011000
0.000530836,3956272000
6.58845E-05,3961533000
0.000737395,3966794000
5.9326E-05,3972055000
0.000343953,3977316000
0.000347233,3982577000
4.94881E-05,3987838000
0.000553791,3993099000
0.00024293,3998360000
0.00056035,4003621000
0.000163629,4008882000
0.000366908,4014143000
0.000570188,4019404000
2.65332E-05,4024665000
0.000576746,4029926000
0.000180025,4035187000
0.000383305,4040448000
0.000386584,4045709000
0.000189863,4050970000
0.000393142,4056231000
0.000396422,4061492000
0.000199701,4066753000
0.00040298,4072014000
0.00020626,4077275000
0.000409539,4082536000
0.000212818,4087797000
0.000416097,4093058000
0.000219377,4098319000
0.000422656,4103580000
0.000425935,4108841000
0.000229214,4114102000
0.000832494,4119363000
3.5773E-05,4124624000
0.000639052,4129885000
0.000242332,4135146000
0.000245611,4140407000
0.00084889,4145668000
0.000147831,4150929000
0.001055449,4156190000
0.000258728,4161451000
0.000262007,4166712000
0.000865286,4171973000
6.85657E-05,4177234000
0.000871845,4182495000
0.000275124,4187756000
0.000678404,4193017000
0.000681683,4198278000
0.000284962,4203539000
0.000888241,4208800000
0.000491521,4214061000
0.0006948,4219322000
0.000698079,4224583000
0.000301358,4229844000
0.001104638,4235105000
0.000307917,4240366000
0.000911196,4245627000
0.000714476,4250888000
0.000317755,4256149000
0.001321034,4261410000
7.56866E-05,4266671000
0.001327593,4271932000
0.000730872,4277193000
0.000134151,4282454000
0.001737431,4287715000
5.92902E-05,4292976000
0.001343989,4298237000
0.000947268,4303498000
0.000350548,4308759000
0.001553827,4314020000
0.000157106,4319281000
0.001360385,4324542000
0.000763665,4329803000
0.000966944,4335064000
0.001170223,4340325000
0.000573503,4345586000
0.001176782,4350847000
0.000780061,4356108000
0.00118334,4361369000
0.00078662,4366630000
0.001189899,4371891000
0.000993178,4377152000
0.000996457,4382413000
0.001199737,4387674000
0.001003016,4392935000
0.001006295,4398196000
0.001209575,4403457000
0.001212854,4408718000
0.001016133,4413979000
0.001619412,4419240000
0.000822692,4424501000
0.001625971,4429762000
0.00122925,4435023000
0.001032529,4440284000
0.001835809,4445545000
0.000639088,4450806000
0.001842367,4456067000
0.001045647,4461328000
0.001448926,4466589000
0.001452205,4471850000
0.001055484,4477111000
0.001858764,4482372000
0.000862043,4487633000
0.001865322,4492894000
0.001068601,4498155000
0.001471881,4503416000
0.00187516,4508677000
0.001078439,4513938000
0.001881719,4519199000
0.001484998,4524460000
0.001288277,4529721000
0.001891556,4534982000
0.001294836,4540243000
0.001698115,4545504000
0.001501394,4550765000
0.001304674,4556026000
0.002107953,4561287000
0.001111232,4566548000
0.002114511,4571809000
0.001317791,4577070000
0.00172107,4582331000
0.001924349,4587592000
0.001327628,4592853000
0.002130908,4598114000
0.001334187,4603375000
0.001937466,4608636000
0.001740746,4613897000
0.001744025,4619158000
0.001947304,4624419000
0.001550583,4629680000
0.001953863,4634941000
0.001557142,4640202000
0.001760421,4645463000
0.0015637,4650724000
0.00176698,4655985000
0.001770259,4661246000
0.001573538,4666507000
0.001976818,4671768000
0.001580097,4677029000
0.001983376,4682290000
0.001386655,4687551000
0.001789935,4692812000
0.001993214,4698073000
0.001396493,4703334000
0.002399772,4708595000
0.001403052,4713856000
0.001806331,4719117000
0.00220961,4724378000
0.00101289,4729639000
0.002616169,4734900000
0.001619448,4740161000
0.001422727,4745422000
0.002626007,4750683000
0.000829286,4755944000
0.002432565,4761205000
0.001435844,4766466000
0.001639124,4771727000
0.002242403,4776988000
0.001445682,4782249000
0.002248962,4787510000
0.001852241,4792771000
0.00205552,4798032000
0.002058799,4803293000
0.001862079,4808554000
0.002265358,4813815000
0.001668637,4819076000
0.002071916,4824337000
0.001875196,4829598000
0.001478475,4834859000
0.002081754,4840120000
0.001285034,4845381000
0.002088313,4850642000
0.001691592,4855903000
0.001494871,4861164000
0.002098151,4866425000
0.00110143,4871686000
0.002104709,4876947000
0.001307989,4882208000
0.001511268,4887469000
0.001914547,4892730000
0.001117826,4897991000
0.002121106,4903252000
0.001124385,4908513000
0.001927664,4913774000
0.001330943,4919035000
0.001334223,4924296000
0.001737502,4929557000
0.001140781,4934818000
0.001744061,4940079000
0.00134734,4945340000
0.001550619,4950601000
0.001353898,4955862000
0.001357178,4961123000
0.001360457,4966384000
0.001563736,4971645000
0.001167015,4976906000
0.001570295,4982167000
0.001173574,4987428000
0.001376853,4992689000
0.001380133,4997950000
0.000983412,5003211000
0.001386691,5008472000
0.00138997,5013733000
0.00099325,5018994000
0.001596529,5024255000
0.000799808,5029516000
0.001403087,5034777000
0.001406367,5040038000
0.000409646,5045299000
0.002012925,5050560000
0.000616205,5055821000
0.001219484,5061082000
0.001422763,5066343000
0.000626042,5071604000
0.001429322,5076865000
0.000832601,5082126000
0.00123588,5087387000
0.000839159,5092648000
0.001042439,5097909000
0.001045718,5103170000
0.000448997,5108431000
0.001452277,5113692000
0.000455556,5118953000
0.001258835,5124214000
0.001062114,5129475000
0.000265394,5134736000
0.001668673,5139997000
0.000271952,5145258000
0.001075232,5150519000
0.001078511,5155780000
0.00028179,5161041000
0.001285069,5166302000
0.000688349,5171563000
0.000691628,5176824000
0.001294907,5182085000
0.000298186,5187346000
0.001101466,5192607000
0.000504745,5197868000
0.000708024,5203129000
0.000911304,5208390000
0.000514583,5213651000
0.000917862,5218912000
0.000721141,5224173000
0.000724421,5229434000
0.0009277,5234695000
0.000530979,5239956000
0.000734258,5245217000
0.000937538,5250478000
0.000340817,5255739000
0.001144096,5261000000
0.000347376,5266261000
0.000750655,5271522000
0.000753934,5276783000
0.000557213,5282044000
0.000760493,5287305000
0.000563772,5292566000
0.000767051,5297827000
0.00057033,5303088000
0.00097361,5308349000
0.000376889,5313610000
0.000780168,5318871000
0.000783448,5324132000
0.000386727,5329393000
0.000990006,5334654000
0.000393285,5339915000
0.000596565,5345176000
0.000799844,5350437000
0.000403123,5355698000
0.000806402,5360959000
0.000609682,5366220000
0.000412961,5371481000
0.00081624,5376742000
0.00041952,5382003000
0.000422799,5387264000
0.000826078,5392525000
2.93574E-05,5397786000
0.001032637,5403047000
0.000435916,5408308000
0.000439195,5413569000
0.001042475,5418830000
0.000245754,5424091000
0.000849033,5429352000
0.000852312,5434613000
0.000255592,5439874000
0.000858871,5445135000
0.00066215,5450396000
0.000265429,5455657000
0.000868709,5460918000
0.000271988,5466179000
0.000675267,5471440000
0.000878547,5476701000
0.000281826,5481962000
0.000885105,5487223000
0.000488384,5492484000
0.000491664,5497745000
0.000894943,5503006000
0.000298222,5508267000
0.000901501,5513528000
0.000304781,5518789000
0.00090806,5524050000
0.000311339,5529311000
0.000714619,5534572000
0.000717898,5539833000
0.000321177,5545094000
0.000924456,5550355000
0.000127736,5555616000
0.000931015,5560877000
0.000334294,5566138000
0.000737573,5571399000
0.000740853,5576660000
0.000344132,5581921000
0.000947411,5587182000
0.000350691,5592443000
0.00075397,5597704000
0.000557249,5602965000
0.000360528,5608226000
0.000963808,5613487000
0.000367087,5618748000
0.000570366,5624009000
0.000773645,5629270000
0.000176925,5634531000
0.000980204,5639792000
0.000383483,5645053000
0.000586763,5650314000
0.000790042,5655575000
0.000193321,5660836000
0.0009966,5666097000
0.00039988,5671358000
0.000403159,5676619000
0.001006438,5681880000
9.71749E-06,5687141000
0.001012997,5692402000
0.000216276,5697663000
0.000619555,5702924000
0.000622835,5708185000
0.000426114,5713446000
0.000829393,5718707000
0.000432672,5723968000
0.000635952,5729229000
0.000439231,5734490000
0.00064251,5739751000
0.00064579,5745012000
0.000449069,5750273000
0.000652348,5755534000
0.000655627,5760795000
0.000458907,5766056000
0.000662186,5771317000
0.000465465,5776578000
0.000468744,5781839000
0.000672024,5787100000
0.000275303,5792361000
0.000878582,5797622000
0.000281862,5802883000
0.000485141,5808144000
0.00088842,5813405000
9.16994E-05,5818666000
0.000894979,5823927000
0.000298258,5829188000
0.000301537,5834449000
0.000704816,5839710000
0.000308096,5844971000
0.000711375,5850232000
0.000714654,5855493000
0.000117934,5860754000
0.000721213,5866015000
0.000724492,5871276000
0.000127771,5876537000
0.000931051,5881798000
0.00013433,5887059000
0.000337609,5892320000
0.000940888,5897581000
5.58323E-05,5902842000
0.001147447,5908103000
0.000350726,5913364000
0.000154006,5918625000
0.001157285,5923886000
0.000239436,5929147000
0.000963843,5934408000
0.000567123,5939669000
0.000170402,5944930000
0.000973681,5950191000
0.00017696,5955452000
0.00058024,5960713000
0.000783519,5965974000
0.000186798,5971235000
0.000590078,5976496000
0.000593357,5981757000
0.000196636,5987018000
0.000999915,5992279000
0.000203195,5997540000
0.000606474,6002801000
0.000409753,6008062000
0.000413033,6013323000
0.000616312,6018584000
0.000419591,6023845000
0.00062287,6029106000
0.00042615,6034367000
0.000629429,6039628000
0.000232708,6044889000
0.000635987,6050150000
0.000639267,6055411000
0.000442546,6060672000
0.000645825,6065933000
0.000449105,6071194000
0.000652384,6076455000
0.000455663,6081716000
0.000458942,6086977000
0.000662222,6092238000
0.000265501,6097499000
0.00086878,6102760000
0.000272059,6108021000
0.000675339,6113282000
0.000478618,6118543000
0.000281897,6123804000
0.000885177,6129065000
8.84558E-05,6134326000
0.000891735,6139587000
0.000295014,6144848000
0.000498294,6150109000
0.000501573,6155370000
0.000304852,6160631000
0.000708131,6165892000
0.000311411,6171153000
0.00071469,6176414000
0.000117969,6181675000
0.000721249,6186936000
0.000524528,6192197000
0.000327807,6197458000
0.000931086,6202719000
0.000134366,6207980000
0.000737645,6213241000
0.000740924,6218502000
0.000144203,6223763000
0.000747483,6229024000
0.000350762,6234285000
0.000354041,6239546000
0.000957321,6244807000
0.0001606,6250068000
0.000563879,6255329000
0.000767158,6260590000
2.95623E-05,6265851000
0.001173717,6271112000
0.000176996,6276373000
0.000580275,6281634000
0.000783555,6286895000
1.3166E-05,6292156000
0.000990113,6297417000
0.000193393,6302678000
0.000796672,6307939000
0.000399951,6313200000
0.00060323,6318461000
0.00060651,6323722000
0.000409789,6328983000
0.000613068,6334244000
0.000416348,6339505000
0.001019627,6344766000
2.29061E-05,6350027000
0.001026185,6355288000
0.000429465,6360549000
0.000432744,6365810000
0.001036023,6371071000
3.93024E-05,6376332000
0.001042582,6381593000
0.000445861,6386854000
0.00064914,6392115000
0.00065242,6397376000
0.000455699,6402637000
0.000858978,6407898000
0.000462257,6413159000
0.000865537,6418420000
0.000268816,6423681000
0.001072095,6428942000
0.000475374,6434203000
0.000678654,6439464000
0.001081933,6444725000
8.52123E-05,6449986000
0.001488492,6455247000
0.000291771,6460508000
0.00069505,6465769000
0.001098329,6471030000
0.000501609,6476291000
0.001304888,6481552000
0.000508167,6486813000
0.001111446,6492074000
0.000714726,6497335000
0.000918005,6502596000
0.001121284,6507857000
0.000724564,6513118000
0.001327843,6518379000
0.000531122,6523640000
0.001334401,6528901000
0.000737681,6534162000
0.00114096,6539423000
0.001144239,6544684000
0.000947518,6549945000
0.001150798,6555206000
0.000954077,6560467000
0.001357356,6565728000
0.000960636,6570989000
0.001563915,6576250000
0.001167194,6581511000
0.001370473,6586772000
0.001373753,6592033000
0.001377032,6597294000
0.001380311,6602555000
0.001583591,6607816000
0.00138687,6613077000
0.001390149,6618338000
0.001793428,6623599000
0.001196708,6628860000
0.002199987,6634121000
0.001603266,6639382000
0.001606545,6644643000
0.002409825,6649904000
0.001213104,6655165000
0.002416383,6660426000
0.002019663,6665687000
0.001622942,6670948000
0.002626221,6676209000
0.0016295,6681470000
0.00223278,6686731000
0.002236059,6691992000
0.002039338,6697253000
0.002442617,6702514000
0.002445897,6707775000
0.002449176,6713036000
0.002452455,6718297000
0.002655735,6723558000
0.002459014,6728819000
0.002662293,6734080000
0.003065572,6739341000
0.002068852,6744602000
0.003272131,6749863000
0.00247541,6755124000
0.002878689,6760385000
0.003481969,6765646000
0.002485248,6770907000
0.003488527,6776168000
0.003091807,6781429000
0.003095086,6786690000
0.003298365,6791951000
0.003301644,6797212000
0.003104924,6802473000
0.003708203,6807734000
0.003311482,6812995000
0.003514761,6818256000
0.003918041,6823517000
0.00332132,6828778000
0.004124599,6834039000
0.003527879,6839300000
0.003931158,6844561000
0.003934437,6849822000
0.003737716,6855083000
0.004140996,6860344000
0.004144275,6865605000
0.003947554,6870866000
0.004150834,6876127000
0.004354113,6881388000
0.003957392,6886649000
0.004760671,6891910000
0.003763951,6897171000
0.00476723,6902432000
0.004370509,6907693000
0.004173788,6912954000
0.004977068,6918215000
0.003980347,6923476000
0.004783626,6928737000
0.004586906,6933998000
0.004590185,6939259000
0.004793464,6944520000
0.004596743,6949781000
0.005000023,6955042000
0.004603302,6960303000
0.005006581,6965564000
0.00440986,6970825000
0.00501314,6976086000
0.004816419,6981347000
0.004619698,6986608000
0.005422978,6991869000
0.004226257,6997130000
0.005429536,7002391000
0.004432815,7007652000
0.005036095,7012913000
0.004839374,7018174000
0.004642653,7023435000
0.005245932,7028696000
0.004249212,7033957000
0.005452491,7039218000
0.00445577,7044479000
0.00485905,7049740000
0.005062329,7055001000
0.004465608,7060262000
0.005468887,7065523000
0.004472167,7070784000
0.005075446,7076045000
0.004878725,7081306000
0.004282004,7086567000
0.005285284,7091828000
0.004088563,7097089000
0.004891842,7102350000
0.004895122,7107611000
0.004098401,7112872000
0.00530168,7118133000
0.004104959,7123394000
0.004708239,7128655000
0.004711518,7133916000
0.004114797,7139177000
0.004718076,7144438000
0.004121356,7149699000
0.004724635,7154960000
0.004127914,7160221000
0.004531194,7165482000
0.004134473,7170743000
0.003937752,7176004000
0.004541031,7181265000
0.003544311,7186526000
0.00454759,7191787000
0.003550869,7197048000
0.004154149,7202309000
0.003957428,7207570000
0.003560707,7212831000
0.004163986,7218092000
0.003367266,7223353000
0.003970545,7228614000
0.003573824,7233875000
0.003377103,7239136000
0.003580383,7244397000
0.003383662,7249658000
0.003386941,7254919000
0.003390221,7260180000
0.0031935,7265441000
0.003196779,7270702000
0.003200058,7275963000
0.003003338,7281224000
0.003206617,7286485000
0.002809896,7291746000
0.003013175,7297007000
0.002816455,7302268000
0.002619734,7307529000
0.002823013,7312790000
0.002426293,7318051000
0.002829572,7323312000
0.002632851,7328573000
0.00243613,7333834000
0.00263941,7339095000
0.002242689,7344356000
0.002245968,7349617000
0.002449247,7354878000
0.002052527,7360139000
0.002455806,7365400000
0.001859085,7370661000
0.002262365,7375922000
0.001865644,7381183000
0.002068923,7386444000
0.002072202,7391705000
0.001675482,7396966000
0.002278761,7402227000
0.00148204,7407488000
0.001885319,7412749000
0.001888599,7418010000
0.001291878,7423271000
0.001895157,7428532000
0.001298437,7433793000
0.001501716,7439054000
0.001904995,7444315000
0.000708274,7449576000
0.002311554,7454837000
0.000914833,7460098000
0.001518112,7465359000
0.001921392,7470620000
0.000724671,7475881000
0.00192795,7481142000
0.000931229,7486403000
0.001134509,7491664000
0.001537788,7496925000
0.000941067,7502186000
0.001144346,7507447000
0.001347626,7512708000
0.000950905,7517969000
0.001354184,7523230000
0.001357464,7528491000
0.000760743,7533752000
0.001364022,7539013000
0.000967301,7544274000
0.000770581,7549535000
0.00137386,7554796000
0.000377139,7560057000
0.001380418,7565318000
0.000783698,7570579000
0.000586977,7575840000
0.001190256,7581101000
0.000793536,7586362000
0.000596815,7591623000
0.001200094,7596884000
0.000603373,7602145000
0.000806653,7607406000
0.001009932,7612667000
0.000413211,7617928000
0.00121649,7623189000
0.00021977,7628450000
0.001223049,7633711000
0.000626328,7638972000
0.000429608,7644233000
0.001232887,7649494000
3.61661E-05,7654755000
0.001439445,7660016000
0.000242725,7665277000
0.000646004,7670538000
0.001249283,7675799000
0.000147438,7681060000
0.001655842,7686321000
0.000140879,7691582000
0.0008624,7696843000
0.00086568,7702104000
0.000268959,7707365000
0.001072238,7712626000
0.000275517,7717887000
0.000878797,7723148000
0.000282076,7728409000
0.001085355,7733670000
0.000288635,7738931000
0.000691914,7744192000
0.000895193,7749453000
9.84723E-05,7754714000
0.001301752,7759975000
0.000105031,7765236000
0.00070831,7770497000
0.000711589,7775758000
0.000114869,7781019000
0.001118148,7786280000
0.000121427,7791541000
0.000524707,7796802000
0.000727986,7802063000
0.000331265,7807324000
0.000934544,7812585000
0.000337824,7817846000
0.000741103,7823107000
0.000344382,7828368000
0.000747661,7833629000
0.000350941,7838890000
0.00055422,7844151000
0.000557499,7849412000
0.000160779,7854673000
0.000964058,7859934000
0.000167337,7865195000
0.000970616,7870456000
0.000573896,7875717000
0.000377175,7880978000
0.000780454,7886239000
0.000383733,7891500000
0.000787013,7896761000
0.000190292,7902022000
0.000793571,7907283000
0.000196851,7912544000
0.00060013,7917805000
0.000603409,7923066000
0.000406688,7928327000
0.000809968,7933588000
0.000213247,7938849000
0.000816526,7944110000
0.000219805,7949371000
0.000623085,7954632000
0.000626364,7959893000
0.000229643,7965154000
0.000832923,7970415000
0.000436202,7975676000
0.000439481,7980937000
0.00064276,7986198000
0.00044604,7991459000
0.000449319,7996720000
0.000652598,8001981000
5.58775E-05,8007242000
0.000859157,8012503000
0.000262436,8017764000
0.000665715,8023025000
0.000468995,8028286000
0.000272274,8033547000
0.000675553,8038808000
7.88324E-05,8044069000
0.000882112,8049330000
8.5391E-05,8054591000
0.00088867,8059852000
0.00049195,8065113000
0.000295229,8070374000
0.000698508,8075635000
0.000301787,8080896000
0.000505067,8086157000
0.000508346,8091418000
0.000111625,8096679000
0.000714904,8101940000
0.000318184,8107201000
0.000521463,8112462000
0.000724742,8117723000
0.000128022,8122984000
0.000931301,8128245000
0.00013458,8133506000
0.000737859,8138767000
0.000141139,8144028000
0.000544418,8149289000
0.000547697,8154550000
0.000150976,8159811000
0.000954256,8165072000
0.000242465,8170333000
0.001160814,8175594000
0.000164094,8180855000
0.000567373,8186116000
0.000570652,8191377000
0.000173931,8196638000
0.000777211,8201899000
1.95101E-05,8207160000
0.000583769,8212421000
0.000187048,8217682000
0.000590328,8222943000
0.000393607,8228204000
0.000396886,8233465000
0.000400166,8238726000
0.000203445,8243987000
0.000606724,8249248000
0.000210003,8254509000
0.000613283,8259770000
0.000416562,8265031000
0.000619841,8270292000
0.00022312,8275553000
0.0006264,8280814000
0.000429679,8286075000
0.000432958,8291336000
0.000436238,8296597000
0.000239517,8301858000
0.000442796,8307119000
0.000246075,8312380000
0.000649355,8317641000
0.000252634,8322902000
0.000455913,8328163000
0.000459193,8333424000
6.24718E-05,8338685000
0.000865751,8343946000
6.90303E-05,8349207000
0.00047231,8354468000
0.000875589,8359729000
0.000121132,8364990000
0.001082147,8370251000
0.000114573,8375512000
0.000488706,8380773000
0.000891985,8386034000
0.000304735,8391295000
0.001298544,8396556000
9.81769E-05,8401817000
0.000505102,8407078000
0.000908382,8412339000
8.83391E-05,8417600000
0.00091494,8422861000
0.000318219,8428122000
0.000121499,8433383000
0.000724778,8438644000
0.000271943,8443905000
0.000531337,8449166000
0.000534616,8454427000
0.000137895,8459688000
0.000741174,8464949000
0.000144454,8470210000
0.000347733,8475471000
0.000551012,8480732000
0.000154291,8485993000
0.000357571,8491254000
0.00056085,8496515000
0.000164129,8501776000
0.000567409,8507037000
0.000370688,8512298000
0.000373967,8517559000
0.000577246,8522820000
0.000180526,8528081000
0.000583805,8533342000
0.000387084,8538603000
0.000390363,8543864000
0.000193643,8549125000
0.000396922,8554386000
0.000200201,8559647000
0.000203481,8564908000
0.00060676,8570169000
1.00391E-05,8575430000
0.000813318,8580691000
1.65977E-05,8585952000
0.000419877,8591213000
0.000623156,8596474000
2.64355E-05,8601735000
0.001029715,8606996000
0.000167006,8612257000
0.001036273,8617518000
3.95526E-05,8622779000
0.000442832,8628040000
0.000846111,8633301000
0.00035061,8638562000
0.00125267,8643823000
0.000144051,8649084000
0.000459228,8654345000
0.000662508,8659606000
0.000134213,8664867000
0.000669066,8670128000
0.000272345,8675389000
0.000275625,8680650000
0.000678904,8685911000
0.000282183,8691172000
0.000485462,8696433000
0.000288742,8701694000
0.000292021,8706955000
0.0002953,8712216000
0.00049858,8717477000
0.000301859,8722738000
0.000505138,8727999000
0.000308417,8733260000
0.000511697,8738521000
0.000314976,8743782000
0.000318255,8749043000
0.000321534,8754304000
0.000324814,8759565000
0.000328093,8764826000
0.000331372,8770087000
0.000334652,8775348000
0.000337931,8780609000
0.00054121,8785870000
0.000144489,8791131000
0.000747769,8796392000
4.89521E-05,8801653000
0.000554327,8806914000
0.000357606,8812175000
0.000160886,8817436000
0.000764165,8822697000
0.000232556,8827958000
0.000970724,8833219000
2.59972E-05,8838480000
0.000577282,8843741000
0.000380561,8849002000
1.61593E-05,8854263000
0.00078712,8859524000
9.60078E-06,8864785000
0.000593678,8870046000
0.000196958,8875307000
0.000600237,8880568000
0.000403516,8885829000
0.000406796,8891090000
0.000410075,8896351000
0.000213354,8901612000
0.000616633,8906873000
0.000219913,8912134000
0.000423192,8917395000
0.000426471,8922656000
0.000229751,8927917000
0.00063303,8933178000
0.000436309,8938439000
3.95883E-05,8943700000
0.000842868,8948961000
4.61469E-05,8954222000
0.000649426,8959483000
0.000252705,8964744000
0.000255985,8970005000
0.000659264,8975266000
6.25433E-05,8980527000
0.000865823,8985788000
6.91018E-05,8991049000
0.000672381,8996310000
0.00027566,9001571000
0.00067894,9006832000
0.000482219,9012093000
0.000485498,9017354000
0.000688777,9022615000
9.20567E-05,9027876000
0.000895336,9033137000
0.000298615,9038398000
0.000501895,9043659000
0.000905174,9048920000
0.000508453,9054181000
0.000711732,9059442000
0.000715012,9064703000
0.000518291,9069964000
0.00092157,9075225000
0.000324849,9080486000
0.000928129,9085747000
0.000731408,9091008000
0.000534687,9096269000
0.001537967,9101530000
0.000341246,9106791000
0.001344525,9112052000
0.001147804,9117313000
0.000351084,9122574000
0.001954363,9127835000
0.000557642,9133096000
0.001360921,9138357000
0.001564201,9143618000
0.00056748,9148879000
0.002170759,9154140000
0.000774039,9159401000
0.001777318,9164662000
0.001580597,9169923000
0.001183876,9175184000
0.002187156,9180445000
0.001390435,9185706000
0.002193714,9190967000
0.001796994,9196228000
0.002200273,9201489000
0.002203552,9206750000
0.002006831,9212011000
0.002810111,9217272000
0.00221339,9222533000
0.002816669,9227794000
0.002619948,9233055000
0.002823228,9238316000
0.003226507,9243577000
0.002629786,9248838000
0.003633066,9254099000
0.003036345,9259360000
0.003839624,9264621000
0.003842903,9269882000
0.003446183,9275143000
0.004649462,9280404000
0.003452741,9285665000
0.00505602,9290926000
0.0042593,9296187000
0.004662579,9301448000
0.005265858,9306709000
0.004669138,9311970000
0.005672417,9317231000
0.005475696,9322492000
0.005678975,9327753000
0.006082255,9333014000
0.006085534,9338275000
0.006488813,9343536000
0.006692092,9348797000
0.006695372,9354058000
0.007298651,9359319000
0.00710193,9364580000
0.00730521,9369841000
0.008108489,9375102000
0.007311768,9380363000
0.008515047,9385624000
0.008318327,9390885000
0.008321606,9396146000
0.009524885,9401407000
0.008528164,9406668000
0.009731444,9411929000
0.009534723,9417190000
0.009538002,9422451000
0.010341282,9427712000
0.010344561,9432973000
0.01034784,9438234000
0.011151119,9443495000
0.010954399,9448756000
0.011157678,9454017000
0.012160957,9459278000
0.010964236,9464539000
0.012767516,9469800000
0.011770795,9475061000
0.012174074,9480322000
0.013177354,9485583000
0.011980633,9490844000
0.013783912,9496105000
0.012787191,9501366000
0.013390471,9506627000
0.01399375,9511888000
0.012997029,9517149000
0.014600309,9522410000
0.013603588,9527671000
0.014406867,9532932000
0.014410146,9538193000
0.014013426,9543454000
0.015016705,9548715000
0.014219984,9553976000
0.015223263,9559237000
0.014626543,9564498000
0.015029822,9569759000
0.015233101,9575020000
0.015236381,9580281000
0.01563966,9585542000
0.015042939,9590803000
0.015846218,9596064000
0.015449498,9601325000
0.015652777,9606586000
0.016056056,9611847000
0.015059335,9617108000
0.016262615,9622369000
0.015265894,9627630000
0.015869173,9632891000
0.015872453,9638152000
0.015275732,9643413000
0.016279011,9648674000
0.01508229,9653935000
0.01608557,9659196000
0.015288849,9664457000
0.015492128,9669718000
0.015695407,9674979000
0.014898687,9680240000
0.015701966,9685501000
0.014705245,9690762000
0.015308525,9696023000
0.014911804,9701284000
0.014715083,9706545000
0.014918362,9711806000
0.014521642,9717067000
0.014324921,9722328000
0.0147282,9727589000
0.013731479,9732850000
0.014134759,9738111000
0.013938038,9743372000
0.013141317,9748633000
0.014144597,9753894000
0.012747876,9759155000
0.013351155,9764416000
0.013154434,9769677000
0.012157714,9774938000
0.013360993,9780199000
0.011964272,9785460000
0.012167552,9790721000
0.012370831,9795982000
0.01117411,9801243000
0.012177389,9806504000
0.010980669,9811765000
0.010983948,9817026000
0.011187227,9822287000
0.009990506,9827548000
0.010793786,9832809000
0.009997065,9838070000
0.009600344,9843331000
0.010003624,9848592000
0.009006903,9853853000
0.009410182,9859114000
0.009213461,9864375000
0.008216741,9869636000
0.00902002,9874897000
0.007623299,9880158000
0.008226578,9885419000
0.007829858,9890680000
0.007233137,9895941000
0.007636416,9901202000
0.006639696,9906463000
0.007242975,9911724000
0.006246254,9916985000
0.006649533,9922246000
0.006052813,9927507000
0.006056092,9932768000
0.005859371,9938029000
0.00546265,9943290000
0.00546593,9948551000
0.004869209,9953812000
0.005072488,9959073000
0.004875768,9964334000
0.004479047,9969595000
0.004482326,9974856000
0.004285605,9980117000
0.003888885,9985378000
0.004292164,9990639000
0.003695443,9995900000
0.003498722,10001161000
0.003702002,10006422000
0.002905281,10011683000
0.00350856,10016944000
0.00291184,10022205000
0.002915119,10027466000
0.003118398,10032727000
0.002121677,10037988000
0.003124957,10043249000
0.002328236,10048510000
0.002331515,10053771000
0.002534795,10059032000
0.001938074,10064293000
0.002341353,10069554000
0.001944632,10074815000
0.001947912,10080076000
0.001951191,10085337000
0.00175447,10090598000
0.001757749,10095859000
0.001761029,10101120000
0.001564308,10106381000
0.001767587,10111642000
0.001770867,10116903000
0.001374146,10122164000
0.001777425,10127425000
0.001180704,10132686000
0.001583984,10137947000
0.001387263,10143208000
0.001190542,10148469000
0.001793821,10153730000
0.001197101,10158991000
0.00160038,10164252000
0.001603659,10169513000
0.001206939,10174774000
0.001610218,10180035000
0.001213497,10185296000
0.001616776,10190557000
0.001420056,10195818000
0.001623335,10201079000
0.001826614,10206340000
0.001229893,10211601000
0.002033173,10216862000
0.001436452,10222123000
0.002039731,10227384000
0.001843011,10232645000
0.00164629,10237906000
0.002049569,10243167000
0.001652848,10248428000
0.002256128,10253689000
0.001859407,10258950000
0.002462686,10264211000
0.002065965,10269472000
0.002269245,10274733000
0.002872524,10279994000
0.001875803,10285255000
0.003279083,10290516000
0.002282362,10295777000
0.002885641,10301038000
0.00328892,10306299000
0.0022922,10311560000
0.003695479,10316821000
0.002898758,10322082000
0.003102037,10327343000
0.003905317,10332604000
0.003108596,10337865000
0.003911875,10343126000
0.003715155,10348387000
0.003718434,10353648000
0.004121713,10358909000
0.003924992,10364170000
0.004128272,10369431000
0.004331551,10374692000
0.00433483,10379953000
0.00473811,10385214000
0.004541389,10390475000
0.004944668,10395736000
0.004747947,10400997000
0.005151227,10406258000
0.005154506,10411519000
0.005157785,10416780000
0.005361064,10422041000
0.005364344,10427302000
0.005567623,10432563000
0.005770902,10437824000
0.005774182,10443085000
0.005977461,10448346000
0.00618074,10453607000
0.005984019,10458868000
0.006387299,10464129000
0.006190578,10469390000
0.006393857,10474651000
0.006597136,10479912000
0.006400416,10485173000
0.006603695,10490434000
0.006806974,10495695000
0.006810254,10500956000
0.007013533,10506217000
0.007216812,10511478000
0.006820091,10516739000
0.007423371,10522000000
0.00682665,10527261000
0.007429929,10532522000
0.007233208,10537783000
0.007036488,10543044000
0.007439767,10548305000
0.007043046,10553566000
0.007446326,10558827000
0.007249605,10564088000
0.007452884,10569349000
0.007256163,10574610000
0.007459443,10579871000
0.007262722,10585132000
0.007266001,10590393000
0.00746928,10595654000
0.00707256,10600915000
0.007275839,10606176000
0.007279118,10611437000
0.006882398,10616698000
0.007485677,10621959000
0.006888956,10627220000
0.007292235,10632481000
0.007095515,10637742000
0.006698794,10643003000
0.007502073,10648264000
0.006305353,10653525000
0.007108632,10658786000
0.006711911,10664047000
0.00631519,10669308000
0.00671847,10674569000
0.006321749,10679830000
0.006525028,10685091000
0.006328307,10690352000
0.006131587,10695613000
0.006134866,10700874000
0.005938145,10706135000
0.006141425,10711396000
0.005544704,10716657000
0.005947983,10721918000
0.005351262,10727179000
0.005554542,10732440000
0.005757821,10737701000
0.0047611,10742962000
0.005764379,10748223000
0.004767659,10753484000
0.004970938,10758745000
0.005174217,10764006000
0.004177497,10769267000
0.004980776,10774528000
0.004384055,10779789000
0.004387334,10785050000
0.004590614,10790311000
0.003993893,10795572000
0.004197172,10800833000
0.004000451,10806094000
0.004003731,10811355000
0.00360701,10816616000
0.004010289,10821877000
0.003613569,10827138000
0.003416848,10832399000
0.003820127,10837660000
0.002823406,10842921000
0.003626686,10848182000
0.003029965,10853443000
0.002633244,10858704000
0.003636523,10863965000
0.002239803,10869226000
0.003043082,10874487000
0.002846361,10879748000
0.002249641,10885009000
0.00285292,10890270000
0.002056199,10895531000
0.002459478,10900792000
0.002262758,10906053000
0.002266037,10911314000
0.002269316,10916575000
0.002072596,10921836000
0.002075875,10927097000
0.001679154,10932358000
0.002082433,10937619000
0.001685713,10942880000
0.001688992,10948141000
0.001692271,10953402000
0.00149555,10958663000
0.00189883,10963924000
0.001102109,10969185000
0.001705388,10974446000
0.001108668,10979707000
0.001511947,10984968000
0.001115226,10990229000
0.001318505,10995490000
0.001321785,11000751000
0.000725064,11006012000
0.001528343,11011273000
0.000531622,11016534000
0.001134902,11021795000
0.001138181,11027056000
0.00034146,11032317000
0.00154474,11037578000
0.000348019,11042839000
0.000951298,11048100000
0.000954577,11053361000
0.000357857,11058622000
0.001161136,11063883000
0.000164415,11069144000
0.000767694,11074405000
0.000570974,11079666000
0.000174253,11084927000
0.001177532,11090188000
1.91884E-05,11095449000
0.000584091,11100710000
0.00078737,11105971000
9.35062E-06,11111232000
0.000993929,11116493000
0.000197208,11121754000
0.000200487,11127015000
0.000603766,11132276000
0.000192954,11137537000
0.000610325,11142798000
0.000213604,11148059000
0.000216884,11153320000
0.000420163,11158581000
0.000223442,11163842000
0.000226721,11169103000
3.00007E-05,11174364000
0.00043328,11179625000
0.000163441,11184886000
0.000239838,11190147000
0.000243118,11195408000
0.000353603,11200669000
0.000649676,11205930000
0.000147044,11211191000
0.000256235,11216452000
0.000259514,11221713000
0.000337207,11226974000
0.000466073,11232235000
0.000130648,11237496000
0.000127369,11242757000
0.000475911,11248018000
0.00032081,11253279000
8.24691E-05,11258540000
8.57483E-05,11263801000
0.000310972,11269062000
0.000292307,11274323000
0.000304414,11279584000
9.88654E-05,11284845000
9.78553E-05,11290106000
9.4576E-05,11295367000
0.000308703,11300628000
0.000488017,11305889000
0.000515262,11311150000
0.000481459,11316411000
7.81796E-05,11321672000
0.0003251,11326933000
0.000671621,11332194000
0.000531658,11337455000
0.000465063,11342716000
0.000261783,11347977000
0.000141496,11353238000
0.000455225,11358499000
0.000148055,11363760000
0.000248666,11369021000
4.53869E-05,11374282000
4.21076E-05,11379543000
0.000238828,11384804000
3.55491E-05,11390065000
0.00023227,11395326000
2.89905E-05,11400587000
0.000225711,11405848000
2.2432E-05,11411109000
0.000219153,11416370000
1.58734E-05,11421631000
0.000212594,11426892000
9.31488E-06,11432153000
0.000206036,11437414000
0.000202756,11442675000
5.22941E-07,11447936000
0.000196198,11453197000
7.08149E-06,11458458000
0.000389639,11463719000
0.00021364,11468980000
0.000383081,11474241000
0.000179801,11479502000
2.34779E-05,11484763000
0.000773243,11490024000
0.000430036,11495285000
0.000766684,11500546000
0.000236595,11505807000
0.000160126,11511068000
0.000356846,11516329000
4.64328E-05,11521590000
0.000550288,11526851000
0.000252991,11532112000
0.000543729,11537373000
0.00025955,11542634000
0.000537171,11547895000
6.61084E-05,11553156000
0.000330612,11558417000
0.000127333,11563678000
0.000124054,11568939000
0.000320774,11574200000
0.000117495,11579461000
0.000114216,11584722000
0.000310937,11589983000
0.000307657,11595244000
0.000104378,11600505000
0.000501099,11605766000
0.00030218,11611027000
0.00069454,11616288000
0.000108739,11621549000
0.000287982,11626810000
0.000284702,11632071000
0.000118577,11637332000
0.000678144,11642593000
0.000325135,11647854000
0.000671585,11653115000
0.000131694,11658376000
6.50268E-05,11663637000
0.000861748,11668898000
0.000341532,11674159000
0.000855189,11679420000
5.19097E-05,11684681000
4.86304E-05,11689942000
0.000645351,11695203000
0.000357928,11700464000
0.000638793,11705725000
3.55133E-05,11710986000
0.000432234,11716247000
0.000228955,11721508000
2.56755E-05,11726769000
0.000422396,11732030000
0.000180883,11737291000
0.000615838,11742552000
1.25584E-05,11747813000
0.000209279,11753074000
0.000606,11758335000
0.000197279,11763596000
0.000599441,11768857000
3.83795E-06,11774118000
0.000392883,11779379000
0.000189603,11784640000
0.000386324,11789901000
0.000383045,11795162000
2.02343E-05,11800423000
0.000776486,11805684000
0.000426793,11810945000
0.000569928,11816206000
0.000366649,11821467000
0.000436631,11826728000
0.00116009,11831989000
0.000443189,11837250000
0.000353531,11842511000
0.000550252,11847772000
0.000453027,11853033000
0.000943694,11858294000
0.000259586,11863555000
0.000337135,11868816000
0.000533856,11874077000
6.94234E-05,11879338000
0.000527297,11884599000
0.000124018,11889860000
0.000520739,11895121000
8.25405E-05,11900382000
0.00051418,11905643000
0.000110901,11910904000
0.000107622,11916165000
0.000704342,11921426000
0.000298937,11926687000
0.000697784,11931948000
9.45045E-05,11937209000
0.000291225,11942470000
8.7946E-05,11947731000
0.000684667,11952992000
8.13874E-05,11958253000
0.000278108,11963514000
0.000674829,11968775000
0.00052845,11974036000
0.00126827,11979297000
0.000335009,11984558000
0.000661712,11989819000
0.000458433,11995080000
0.000144847,12000341000
0.000851874,12005602000
0.000151405,12010863000
0.000645315,12016124000
4.20362E-05,12021385000
0.000438757,12026646000
0.000235478,12031907000
0.000232198,12037168000
0.000628919,12042429000
0.00017436,12047690000
0.000622361,12052951000
1.90812E-05,12058212000
1.5802E-05,12063473000
0.000812523,12068734000
0.000190757,12073995000
0.000605964,12079256000
0.000402685,12084517000
0.000200594,12089778000
0.000996126,12095039000
0.000207153,12100300000
0.000589568,12105561000
0.000386288,12110822000
1.69908E-05,12116083000
0.00077973,12121344000
0.000223549,12126605000
0.000773171,12131866000
3.01079E-05,12137127000
0.000166613,12142388000
0.000963334,12147649000
0.000439946,12152910000
0.000956775,12158171000
4.65043E-05,12163432000
0.000150216,12168693000
0.000946937,12173954000
0.000256342,12179215000
0.000740379,12184476000
0.000337099,12189737000
0.00013382,12194998000
0.000530541,12200259000
0.000127262,12205520000
0.000323982,12210781000
0.000520703,12216042000
0.000117424,12221303000
0.000514144,12226564000
0.000310865,12231825000
0.000507586,12237086000
0.000304307,12242347000
0.000301027,12247608000
0.000697748,12252869000
0.000105531,12258130000
0.00069119,12263391000
0.00028791,12268652000
8.4631E-05,12273913000
0.000881352,12279174000
0.000121928,12284435000
0.000874793,12289696000
0.000271514,12294957000
0.000268235,12300218000
0.000664955,12305479000
6.16761E-05,12310740000
0.000858397,12316001000
5.51175E-05,12321262000
0.000451838,12326523000
0.000448559,12331784000
4.52797E-05,12337045000
0.000842,12342306000
0.000238721,12347567000
0.000235442,12352828000
0.001032163,12358089000
0.000371117,12363350000
0.000825604,12368611000
0.000222325,12373872000
0.000219045,12379133000
0.000615766,12384394000
1.24869E-05,12389655000
0.000809208,12394916000
0.000205928,12400177000
0.000402649,12405438000
0.00039937,12410699000
0.000396091,12415960000
0.000392811,12421221000
0.000389532,12426482000
0.000386253,12431743000
0.000582973,12437004000
0.000179694,12442265000
0.000576415,12447526000
0.000373136,12452787000
0.000169856,12458048000
0.000966577,12463309000
3.67022E-05,12468570000
0.000960019,12473831000
0.000156739,12479092000
0.00035346,12484353000
0.000750181,12489614000
5.30985E-05,12494875000
0.000943622,12500136000
0.000140343,12505397000
0.000537064,12510658000
0.000533784,12515919000
0.000330505,12521180000
0.000727226,12526441000
0.000123947,12531702000
0.000520667,12536963000
0.000717388,12542224000
0.000114109,12547485000
0.000910829,12552746000
0.00030755,12558007000
0.000304271,12563268000
0.000900992,12568529000
0.000102288,12573790000
0.000894433,12579051000
0.000291154,12584312000
0.000487875,12589573000
0.000884595,12594834000
0.000281316,12600095000
0.000878037,12605356000
0.000474757,12610617000
0.000671478,12615878000
0.000668199,12621139000
0.00046492,12626400000
0.00046164,12631661000
0.000658361,12636922000
0.000455082,12642183000
0.000451802,12647444000
0.000448523,12652705000
0.000645244,12657966000
0.000441965,12663227000
0.000638685,12668488000
0.000435406,12673749000
0.000632127,12679010000
0.000628848,12684271000
0.000425568,12689532000
0.000822289,12694793000
0.00041901,12700054000
0.00081573,12705315000
0.000412451,12710576000
0.000609172,12715837000
0.000605893,12721098000
0.000402613,12726359000
0.000599334,12731620000
0.000396055,12736881000
0.000792776,12742142000
0.000389496,12747403000
0.000586217,12752664000
0.000582938,12757925000
0.000579658,12763186000
0.000376379,12768447000
0.0007731,12773708000
0.000569821,12778969000
0.000366541,12784230000
0.000963262,12789491000
0.000159983,12794752000
0.000956704,12800013000
0.000553424,12805274000
0.000350145,12810535000
0.001346866,12815796000
5.64136E-05,12821057000
0.001140307,12826318000
0.000537028,12831579000
0.000333749,12836840000
0.001130469,12842101000
0.00012719,12847362000
0.000923911,12852623000
0.000320632,12857884000
0.000517352,12863145000
0.000714073,12868406000
0.000510794,12873667000
0.000707514,12878928000
0.000504235,12884189000
0.000500956,12889450000
0.000697677,12894711000
0.000694397,12899972000
0.000691118,12905233000
0.000687839,12910494000
0.00048456,12915755000
0.00088128,12921016000
0.000478001,12926277000
0.000674722,12931538000
0.000671442,12936799000
0.000468163,12942060000
0.000864884,12947321000
0.000461605,12952582000
0.000858325,12957843000
0.000655046,12963104000
0.000451767,12968365000
0.000848487,12973626000
0.000245208,12978887000
0.001241929,12984148000
0.00023865,12989409000
0.00083537,12994670000
0.000832091,12999931000
0.000228812,13005192000
0.001225533,13010453000
2.22533E-05,13015714000
0.001018974,13020975000
0.000415695,13026236000
0.000612415,13031497000
0.001009136,13036758000
0.000205857,13042019000
0.001202578,13047280000
0.000199298,13052541000
0.000996019,13057802000
0.00059274,13063063000
0.000389461,13068324000
0.001186181,13073585000
0.000182902,13078846000
0.001179623,13084107000
0.000576343,13089368000
0.000573064,13094629000
0.000969785,13099890000
0.000366506,13105151000
0.000963226,13110412000
0.000559947,13115673000
0.000756668,13120934000
0.000753389,13126195000
0.000550109,13131456000
0.00074683,13136717000
0.000543551,13141978000
0.000740271,13147239000
